date,areaName,areaCode,newCasesByPublishDate,cumCasesByPublishDate,newDeathsByDeathDate,cumDeathsByDeathDate
2020-09-22,England,E92000001,4187,347842,36,37139
2020-09-21,England,E92000001,3754,343655,9,37103
2020-09-20,England,E92000001,3279,339901,18,37094
2020-09-19,England,E92000001,3638,336622,22,37076
2020-09-18,England,E92000001,3771,332984,23,37054
2020-09-17,England,E92000001,2788,329213,18,37031
2020-09-16,England,E92000001,3396,326425,17,37013
2020-09-15,England,E92000001,2649,323029,25,36996
2020-09-14,England,E92000001,2259,320380,7,36971
2020-09-13,England,E92000001,2837,318121,5,36964
2020-09-12,England,E92000001,3008,315284,9,36959
2020-09-11,England,E92000001,3143,312276,6,36950
2020-09-10,England,E92000001,2578,309133,13,36944
2020-09-09,England,E92000001,2286,306555,8,36931
2020-09-08,England,E92000001,2094,304269,27,36923
2020-09-07,England,E92000001,2528,302175,2,36896
2020-09-06,England,E92000001,2576,299647,2,36894
2020-09-05,England,E92000001,1477,297071,11,36892
2020-09-04,England,E92000001,1669,295594,9,36881
2020-09-03,England,E92000001,1507,293925,11,36872
2020-09-02,England,E92000001,1239,292418,7,36861
2020-09-01,England,E92000001,1041,291179,2,36854
2020-08-31,England,E92000001,1149,290138,2,36852
2020-08-30,England,E92000001,1487,288989,1,36850
2020-08-29,England,E92000001,891,287502,12,36849
2020-08-28,England,E92000001,1106,286611,9,36837
2020-08-27,England,E92000001,1350,285505,10,36828
2020-08-26,England,E92000001,875,284155,13,36818
2020-08-25,England,E92000001,1065,283280,16,36805
2020-08-24,England,E92000001,758,282215,3,36789
2020-08-23,England,E92000001,938,281457,4,36786
2020-08-22,England,E92000001,1060,280519,17,36782
2020-08-21,England,E92000001,908,279459,2,36765
2020-08-20,England,E92000001,1035,278551,6,36763
2020-08-19,England,E92000001,707,277516,15,36757
2020-08-18,England,E92000001,975,276809,11,36742
2020-08-17,England,E92000001,634,275834,3,36731
2020-08-16,England,E92000001,952,275200,3,36728
2020-08-15,England,E92000001,934,274248,2,36725
2020-08-14,England,E92000001,1284,273314,10,36723
2020-08-13,England,E92000001,1059,272030,18,36713
2020-08-12,England,E92000001,925,270971,15,36695
2020-08-11,England,E92000001,1035,270046,11,36680
2020-08-10,England,E92000001,699,269011,17,36669
2020-08-09,England,E92000001,988,268312,5,36652
2020-08-08,England,E92000001,679,267324,2,36647
2020-08-07,England,E92000001,796,266645,5,36645
2020-08-06,England,E92000001,826,265849,15,36640
2020-08-05,England,E92000001,804,265023,12,36625
2020-08-04,England,E92000001,617,264219,17,36613
2020-08-03,England,E92000001,856,263602,1,36596
2020-08-02,England,E92000001,676,262746,2,36595
2020-08-01,England,E92000001,722,262070,11,36593
2020-07-31,England,E92000001,814,261348,14,36582
2020-07-30,England,E92000001,812,260534,0,36568
2020-07-29,England,E92000001,700,259722,29,36568
2020-07-28,England,E92000001,547,259022,21,36539
2020-07-27,England,E92000001,616,258475,3,36518
2020-07-26,England,E92000001,721,257859,7,36515
2020-07-25,England,E92000001,710,257138,15,36508
2020-07-24,England,E92000001,688,256428,32,36493
2020-07-23,England,E92000001,702,255740,9,36461
2020-07-22,England,E92000001,519,255038,16,36452
2020-07-21,England,E92000001,399,254519,25,36436
2020-07-20,England,E92000001,535,254120,10,36411
2020-07-19,England,E92000001,672,253585,10,36401
2020-07-18,England,E92000001,796,252913,9,36391
2020-07-17,England,E92000001,635,252117,25,36382
2020-07-16,England,E92000001,597,251482,23,36357
2020-07-15,England,E92000001,506,250885,24,36334
2020-07-14,England,E92000001,372,250379,42,36310
2020-07-13,England,E92000001,497,250007,8,36268
2020-07-12,England,E92000001,615,249510,9,36260
2020-07-11,England,E92000001,806,248895,16,36251
2020-07-10,England,E92000001,480,248089,34,36235
2020-07-09,England,E92000001,617,247609,29,36201
2020-07-08,England,E92000001,606,246992,52,36172
2020-07-07,England,E92000001,572,246386,50,36120
2020-07-06,England,E92000001,331,245814,11,36070
2020-07-05,England,E92000001,492,245483,18,36059
2020-07-04,England,E92000001,579,244991,27,36041
2020-07-03,England,E92000001,502,244412,45,36014
2020-07-02,England,E92000001,523,243910,31,35969
2020-07-01,England,E92000001,177,160764,90,35938
2020-06-30,England,E92000001,196,160587,47,35848
2020-06-29,England,E92000001,99,160391,17,35801
2020-06-28,England,E92000001,142,160292,28,35784
2020-06-27,England,E92000001,192,160150,34,35756
2020-06-26,England,E92000001,175,159958,76,35722
2020-06-25,England,E92000001,261,159696,91,35646
2020-06-24,England,E92000001,107,159435,74,35555
2020-06-23,England,E92000001,210,159328,84,35481
2020-06-22,England,E92000001,178,159118,13,35397
2020-06-21,England,E92000001,215,158940,30,35384
2020-06-20,England,E92000001,324,158725,67,35354
2020-06-19,England,E92000001,323,158401,73,35287
2020-06-18,England,E92000001,281,158078,60,35214
2020-06-17,England,E92000001,252,157797,90,35154
2020-06-16,England,E92000001,252,157545,106,35064
2020-06-15,England,E92000001,219,157293,25,34958
2020-06-14,England,E92000001,292,157074,23,34933
2020-06-13,England,E92000001,372,156782,94,34910
2020-06-12,England,E92000001,392,156410,117,34816
2020-06-11,England,E92000001,304,156018,64,34699
2020-06-10,England,E92000001,63,155714,143,34635
2020-06-09,England,E92000001,651,155651,179,34492
2020-06-08,England,E92000001,92,155000,44,34313
2020-06-07,England,E92000001,228,154908,49,34269
2020-06-06,England,E92000001,422,154680,126,34220
2020-06-05,England,E92000001,451,154258,239,34094
2020-06-04,England,E92000001,431,153807,112,33855
2020-06-03,England,E92000001,462,153376,218,33743
2020-06-02,England,E92000001,444,152914,228,33525
2020-06-01,England,E92000001,294,152470,79,33297
2020-05-31,England,E92000001,320,152176,39,33218
2020-05-30,England,E92000001,715,151856,117,33179
2020-05-29,England,E92000001,560,151982,246,33062
2020-05-28,England,E92000001,519,151422,315,32816
2020-05-27,England,E92000001,609,150903,396,32501
2020-05-26,England,E92000001,492,150294,105,32105
2020-05-25,England,E92000001,494,149802,86,32000
2020-05-24,England,E92000001,584,149308,362,31914
2020-05-23,England,E92000001,979,148724,197,31552
2020-05-22,England,E92000001,1083,147745,257,31355
2020-05-21,England,E92000001,854,146662,220,31098
2020-05-20,England,E92000001,824,145808,259,30878
2020-05-19,England,E92000001,857,145376,447,30619
2020-05-18,England,E92000001,816,144519,134,30172
2020-05-17,England,E92000001,788,143703,43,30038
2020-05-16,England,E92000001,1136,142915,348,29995
2020-05-15,England,E92000001,1112,141779,280,29647
2020-05-14,England,E92000001,1189,140667,303,29367
2020-05-13,England,E92000001,1146,139478,362,29064
2020-05-12,England,E92000001,1067,138332,539,28702
2020-05-11,England,E92000001,891,137265,174,28163
2020-05-10,England,E92000001,1007,136374,190,27989
2020-05-09,England,E92000001,1349,135367,226,27799
2020-05-08,England,E92000001,1694,134018,498,27573
2020-05-07,England,E92000001,2133,132324,377,27075
2020-05-06,England,E92000001,1611,130191,529,26698
2020-05-05,England,E92000001,1842,128580,639,26169
2020-05-04,England,E92000001,1485,126738,247,25530
2020-05-03,England,E92000001,2019,125253,222,25283
2020-05-02,England,E92000001,2228,123234,485,25061
2020-05-01,England,E92000001,2501,121006,623,24576
2020-04-30,England,E92000001,2484,118343,543,23953
2020-04-29,England,E92000001,1403,115859,604,23410
2020-04-28,England,E92000001,1989,114456,862,22806
2020-04-27,England,E92000001,2264,112467,289,21944
2020-04-26,England,E92000001,2152,110203,327,21655
2020-04-25,England,E92000001,2826,108051,729,21328
2020-04-24,England,E92000001,3004,105225,821,20599
2020-04-23,England,E92000001,3084,102221,594,19778
2020-04-22,England,E92000001,3020,99137,725,19184
2020-04-21,England,E92000001,3087,96117,1116,18459
2020-04-20,England,E92000001,2401,93030,536,17343
2020-04-19,England,E92000001,3607,90629,380,16807
2020-04-18,England,E92000001,3548,87022,1004,16427
2020-04-17,England,E92000001,3985,83474,826,15423
2020-04-16,England,E92000001,3118,79489,906,14597
2020-04-15,England,E92000001,3188,76371,730,13691
2020-04-14,England,E92000001,3854,73183,1007,12961
2020-04-13,England,E92000001,2999,69329,694,11954
2020-04-12,England,E92000001,3672,66330,604,11260
2020-04-11,England,E92000001,3841,62658,745,10656
2020-04-10,England,E92000001,4263,58817,1035,9911
2020-04-09,England,E92000001,3798,54554,990,8876
2020-04-08,England,E92000001,4788,50756,922,7886
2020-04-07,England,E92000001,2978,45968,1009,6964
2020-04-06,England,E92000001,3176,42990,531,5955
2020-04-05,England,E92000001,5107,39814,578,5424
2020-04-04,England,E92000001,2910,34707,689,4846
2020-04-03,England,E92000001,3576,31797,654,4157
2020-04-02,England,E92000001,3583,28221,603,3503
2020-04-01,England,E92000001,3630,24638,613,2900
2020-03-31,England,E92000001,2414,21008,368,2287
2020-03-30,England,E92000001,2107,18594,353,1919
2020-03-29,England,E92000001,2060,16487,195,1566
2020-03-28,England,E92000001,2139,14427,279,1371
2020-03-27,England,E92000001,2506,12288,271,1092
2020-03-26,England,E92000001,1809,9782,169,821
2020-03-25,England,E92000001,1130,7973,178,652
2020-03-24,England,E92000001,1258,6843,143,474
2020-03-23,England,E92000001,793,5585,67,331
2020-03-22,England,E92000001,535,4792,24,264
2020-03-21,England,E92000001,873,4257,54,240
2020-03-20,England,E92000001,628,3384,32,186
2020-03-19,England,E92000001,574,2756,42,154
2020-03-18,England,E92000001,625,2182,33,112
2020-03-17,England,E92000001,361,1557,15,79
2020-03-16,England,E92000001,97,1196,22,64
2020-03-15,England,E92000001,253,1099,14,42
2020-03-14,England,E92000001,201,846,18,28
2020-03-13,England,E92000001,159,645,1,10
2020-03-12,England,E92000001,99,486,2,9
2020-03-11,England,E92000001,63,387,0,7
2020-03-10,England,E92000001,46,324,4,7
2020-03-09,England,E92000001,40,282,1,3
2020-03-08,England,E92000001,58,241,0,2
2020-03-07,England,E92000001,39,183,1,2
2020-03-06,England,E92000001,39,144,1,1
2020-03-05,England,E92000001,25,105,0,
2020-03-04,England,E92000001,32,80,0,
2020-03-03,England,E92000001,11,48,0,
2020-03-02,England,E92000001,4,37,0,
2020-03-01,England,E92000001,12,33,0,
2020-02-29,England,E92000001,3,21,0,
2020-02-28,England,E92000001,5,18,0,
2020-02-27,England,E92000001,0,13,0,
2020-02-26,England,E92000001,0,13,0,
2020-02-25,England,E92000001,0,13,0,
2020-02-24,England,E92000001,4,13,0,
2020-02-23,England,E92000001,0,9,0,
2020-02-22,England,E92000001,0,9,0,
2020-02-21,England,E92000001,0,9,0,
2020-02-20,England,E92000001,0,9,0,
2020-02-19,England,E92000001,0,9,0,
2020-02-18,England,E92000001,0,9,0,
2020-02-17,England,E92000001,0,9,0,
2020-02-16,England,E92000001,0,9,0,
2020-02-15,England,E92000001,0,9,0,
2020-02-14,England,E92000001,0,9,0,
2020-02-13,England,E92000001,1,9,0,
2020-02-12,England,E92000001,0,8,0,
2020-02-11,England,E92000001,0,8,0,
2020-02-10,England,E92000001,4,8,0,
2020-02-09,England,E92000001,1,4,0,
2020-02-08,England,E92000001,0,3,0,
2020-02-07,England,E92000001,0,3,0,
2020-02-06,England,E92000001,1,3,0,
2020-02-05,England,E92000001,0,2,0,
2020-02-04,England,E92000001,0,2,0,
2020-02-03,England,E92000001,0,2,0,
2020-02-02,England,E92000001,0,2,0,
2020-02-01,England,E92000001,0,2,0,
2020-01-31,England,E92000001,2,2,0,
2020-01-30,England,E92000001,0,,0,
2020-01-29,England,E92000001,0,,0,
2020-01-28,England,E92000001,0,,0,
2020-01-27,England,E92000001,0,,0,
2020-01-26,England,E92000001,0,,0,
2020-01-25,England,E92000001,0,,0,
2020-01-24,England,E92000001,0,,0,
2020-01-23,England,E92000001,0,,0,
2020-01-22,England,E92000001,0,,0,
2020-01-21,England,E92000001,0,,0,
2020-01-20,England,E92000001,0,,0,
2020-01-19,England,E92000001,0,,0,
2020-01-18,England,E92000001,0,,0,
2020-01-17,England,E92000001,0,,0,
2020-01-16,England,E92000001,0,,0,
2020-01-15,England,E92000001,0,,0,
2020-01-14,England,E92000001,0,,0,
2020-01-13,England,E92000001,0,,0,
2020-01-12,England,E92000001,0,,0,
2020-01-11,England,E92000001,0,,0,
2020-01-10,England,E92000001,0,,0,
2020-01-09,England,E92000001,0,,0,
2020-01-08,England,E92000001,0,,0,
2020-01-07,England,E92000001,0,,0,
2020-01-06,England,E92000001,0,,0,
2020-01-05,England,E92000001,0,,0,
2020-01-04,England,E92000001,0,,0,
2020-01-03,England,E92000001,0,,0,
2020-09-22,Northern Ireland,N92000002,75,9541,0,577
2020-09-21,Northern Ireland,N92000002,125,9466,2,577
2020-09-20,Northern Ireland,N92000002,176,9341,0,575
2020-09-19,Northern Ireland,N92000002,222,9165,0,575
2020-09-18,Northern Ireland,N92000002,163,8943,2,575
2020-09-17,Northern Ireland,N92000002,149,8780,0,573
2020-09-16,Northern Ireland,N92000002,129,8631,2,573
2020-09-15,Northern Ireland,N92000002,79,8502,1,571
2020-09-14,Northern Ireland,N92000002,109,8423,2,570
2020-09-13,Northern Ireland,N92000002,87,8314,0,568
2020-09-12,Northern Ireland,N92000002,104,8227,0,568
2020-09-11,Northern Ireland,N92000002,88,8123,0,568
2020-09-10,Northern Ireland,N92000002,78,8035,1,568
2020-09-09,Northern Ireland,N92000002,49,7957,0,567
2020-09-08,Northern Ireland,N92000002,40,7908,2,567
2020-09-07,Northern Ireland,N92000002,141,7868,1,565
2020-09-06,Northern Ireland,N92000002,106,7727,0,564
2020-09-05,Northern Ireland,N92000002,118,7621,0,564
2020-09-04,Northern Ireland,N92000002,61,7503,1,564
2020-09-03,Northern Ireland,N92000002,77,7442,1,563
2020-09-02,Northern Ireland,N92000002,71,7365,2,562
2020-09-01,Northern Ireland,N92000002,49,7294,0,560
2020-08-31,Northern Ireland,N92000002,58,7245,0,560
2020-08-30,Northern Ireland,N92000002,49,7187,0,560
2020-08-29,Northern Ireland,N92000002,89,7138,0,560
2020-08-28,Northern Ireland,N92000002,85,7049,0,560
2020-08-27,Northern Ireland,N92000002,69,6964,1,560
2020-08-26,Northern Ireland,N92000002,72,6895,0,559
2020-08-25,Northern Ireland,N92000002,47,6823,0,559
2020-08-24,Northern Ireland,N92000002,10,6776,0,559
2020-08-23,Northern Ireland,N92000002,119,6766,0,559
2020-08-22,Northern Ireland,N92000002,71,6647,0,559
2020-08-21,Northern Ireland,N92000002,20,6576,0,559
2020-08-20,Northern Ireland,N92000002,51,6556,0,559
2020-08-19,Northern Ireland,N92000002,34,6505,0,559
2020-08-18,Northern Ireland,N92000002,41,6471,1,559
2020-08-17,Northern Ireland,N92000002,39,6430,0,558
2020-08-16,Northern Ireland,N92000002,27,6391,0,558
2020-08-15,Northern Ireland,N92000002,65,6364,0,558
2020-08-14,Northern Ireland,N92000002,74,6299,1,558
2020-08-13,Northern Ireland,N92000002,8,6225,0,557
2020-08-12,Northern Ireland,N92000002,29,6217,0,557
2020-08-11,Northern Ireland,N92000002,48,6188,0,557
2020-08-10,Northern Ireland,N92000002,0,6140,1,557
2020-08-09,Northern Ireland,N92000002,0,6064,0,556
2020-08-08,Northern Ireland,N92000002,0,6064,0,556
2020-08-07,Northern Ireland,N92000002,15,6064,0,556
2020-08-06,Northern Ireland,N92000002,43,6049,0,556
2020-08-05,Northern Ireland,N92000002,10,6006,0,556
2020-08-04,Northern Ireland,N92000002,8,5996,0,556
2020-08-03,Northern Ireland,N92000002,0,5988,0,556
2020-08-02,Northern Ireland,N92000002,0,5948,0,556
2020-08-01,Northern Ireland,N92000002,0,5948,0,556
2020-07-31,Northern Ireland,N92000002,10,5948,0,556
2020-07-30,Northern Ireland,N92000002,8,5938,0,556
2020-07-29,Northern Ireland,N92000002,9,5930,0,556
2020-07-28,Northern Ireland,N92000002,9,5921,0,556
2020-07-27,Northern Ireland,N92000002,0,5912,0,556
2020-07-26,Northern Ireland,N92000002,0,5891,0,556
2020-07-25,Northern Ireland,N92000002,0,5891,0,556
2020-07-24,Northern Ireland,N92000002,15,5891,0,556
2020-07-23,Northern Ireland,N92000002,8,5876,0,556
2020-07-22,Northern Ireland,N92000002,9,5868,0,556
2020-07-21,Northern Ireland,N92000002,2,5859,0,556
2020-07-20,Northern Ireland,N92000002,0,5857,0,556
2020-07-19,Northern Ireland,N92000002,0,5834,0,556
2020-07-18,Northern Ireland,N92000002,0,5834,0,556
2020-07-17,Northern Ireland,N92000002,19,5834,0,556
2020-07-16,Northern Ireland,N92000002,16,5815,0,556
2020-07-15,Northern Ireland,N92000002,9,5799,0,556
2020-07-14,Northern Ireland,N92000002,2,5790,0,556
2020-07-13,Northern Ireland,N92000002,0,5788,2,556
2020-07-12,Northern Ireland,N92000002,0,5772,0,554
2020-07-11,Northern Ireland,N92000002,0,5772,0,554
2020-07-10,Northern Ireland,N92000002,4,5772,0,554
2020-07-09,Northern Ireland,N92000002,3,5768,0,554
2020-07-08,Northern Ireland,N92000002,4,5765,0,554
2020-07-07,Northern Ireland,N92000002,5,5761,0,554
2020-07-06,Northern Ireland,N92000002,0,5756,0,554
2020-07-05,Northern Ireland,N92000002,0,5747,0,554
2020-07-04,Northern Ireland,N92000002,0,5747,0,554
2020-07-03,Northern Ireland,N92000002,4,5747,2,554
2020-07-02,Northern Ireland,N92000002,7,5768,1,552
2020-07-01,Northern Ireland,N92000002,1,5761,0,551
2020-06-30,Northern Ireland,N92000002,3,5760,0,551
2020-06-29,Northern Ireland,N92000002,6,5757,1,551
2020-06-28,Northern Ireland,N92000002,1,5751,1,550
2020-06-27,Northern Ireland,N92000002,2,5750,1,549
2020-06-26,Northern Ireland,N92000002,4,5748,1,548
2020-06-25,Northern Ireland,N92000002,1,4874,0,547
2020-06-24,Northern Ireland,N92000002,2,4873,1,547
2020-06-23,Northern Ireland,N92000002,0,4871,1,546
2020-06-22,Northern Ireland,N92000002,1,4871,0,545
2020-06-21,Northern Ireland,N92000002,4,4870,0,545
2020-06-20,Northern Ireland,N92000002,0,4866,1,545
2020-06-19,Northern Ireland,N92000002,3,4866,1,544
2020-06-18,Northern Ireland,N92000002,1,4863,0,543
2020-06-17,Northern Ireland,N92000002,8,4862,1,543
2020-06-16,Northern Ireland,N92000002,2,4854,1,542
2020-06-15,Northern Ireland,N92000002,4,4852,0,541
2020-06-14,Northern Ireland,N92000002,7,4848,0,541
2020-06-13,Northern Ireland,N92000002,3,4841,2,541
2020-06-12,Northern Ireland,N92000002,16,4838,1,539
2020-06-11,Northern Ireland,N92000002,4,4822,1,538
2020-06-10,Northern Ireland,N92000002,13,4818,0,537
2020-06-09,Northern Ireland,N92000002,3,4805,0,537
2020-06-08,Northern Ireland,N92000002,6,4802,0,537
2020-06-07,Northern Ireland,N92000002,6,4796,0,537
2020-06-06,Northern Ireland,N92000002,14,4790,1,537
2020-06-05,Northern Ireland,N92000002,3,4776,1,536
2020-06-04,Northern Ireland,N92000002,33,4773,1,535
2020-06-03,Northern Ireland,N92000002,8,4740,8,534
2020-06-02,Northern Ireland,N92000002,4,4732,2,526
2020-06-01,Northern Ireland,N92000002,12,4728,1,524
2020-05-31,Northern Ireland,N92000002,7,4716,1,523
2020-05-30,Northern Ireland,N92000002,13,4709,1,522
2020-05-29,Northern Ireland,N92000002,17,4696,3,521
2020-05-28,Northern Ireland,N92000002,16,4679,2,518
2020-05-27,Northern Ireland,N92000002,26,4663,2,516
2020-05-26,Northern Ireland,N92000002,28,4637,0,514
2020-05-25,Northern Ireland,N92000002,39,4609,8,514
2020-05-24,Northern Ireland,N92000002,25,4570,1,506
2020-05-23,Northern Ireland,N92000002,41,4545,1,505
2020-05-22,Northern Ireland,N92000002,23,4504,3,504
2020-05-21,Northern Ireland,N92000002,42,4481,7,501
2020-05-20,Northern Ireland,N92000002,18,4439,5,494
2020-05-19,Northern Ireland,N92000002,20,4421,7,489
2020-05-18,Northern Ireland,N92000002,16,4401,6,482
2020-05-17,Northern Ireland,N92000002,28,4385,3,476
2020-05-16,Northern Ireland,N92000002,40,4357,4,473
2020-05-15,Northern Ireland,N92000002,26,4317,15,469
2020-05-14,Northern Ireland,N92000002,38,4291,5,454
2020-05-13,Northern Ireland,N92000002,60,4253,2,449
2020-05-12,Northern Ireland,N92000002,44,4193,9,447
2020-05-11,Northern Ireland,N92000002,30,4149,3,438
2020-05-10,Northern Ireland,N92000002,41,4119,5,435
2020-05-09,Northern Ireland,N92000002,56,4078,4,430
2020-05-08,Northern Ireland,N92000002,38,4022,4,426
2020-05-07,Northern Ireland,N92000002,50,3984,4,422
2020-05-06,Northern Ireland,N92000002,53,3934,14,418
2020-05-05,Northern Ireland,N92000002,45,3881,17,404
2020-05-04,Northern Ireland,N92000002,69,3836,6,387
2020-05-03,Northern Ireland,N92000002,78,3767,5,381
2020-05-02,Northern Ireland,N92000002,66,3689,11,376
2020-05-01,Northern Ireland,N92000002,87,3623,18,365
2020-04-30,Northern Ireland,N92000002,73,3536,9,347
2020-04-29,Northern Ireland,N92000002,55,3463,9,338
2020-04-28,Northern Ireland,N92000002,34,3408,20,329
2020-04-27,Northern Ireland,N92000002,66,3374,10,309
2020-04-26,Northern Ireland,N92000002,82,3308,5,299
2020-04-25,Northern Ireland,N92000002,104,3226,16,294
2020-04-24,Northern Ireland,N92000002,106,3122,15,278
2020-04-23,Northern Ireland,N92000002,142,3016,13,263
2020-04-22,Northern Ireland,N92000002,116,2874,30,250
2020-04-21,Northern Ireland,N92000002,30,2758,13,220
2020-04-20,Northern Ireland,N92000002,83,2728,13,207
2020-04-19,Northern Ireland,N92000002,159,2645,1,194
2020-04-18,Northern Ireland,N92000002,148,2486,17,193
2020-04-17,Northern Ireland,N92000002,137,2338,18,176
2020-04-16,Northern Ireland,N92000002,113,2201,18,158
2020-04-15,Northern Ireland,N92000002,121,2088,6,140
2020-04-14,Northern Ireland,N92000002,85,1967,10,134
2020-04-13,Northern Ireland,N92000002,76,1882,6,124
2020-04-12,Northern Ireland,N92000002,89,1806,11,118
2020-04-11,Northern Ireland,N92000002,128,1717,15,107
2020-04-10,Northern Ireland,N92000002,112,1589,10,92
2020-04-09,Northern Ireland,N92000002,138,1477,4,82
2020-04-08,Northern Ireland,N92000002,84,1339,5,78
2020-04-07,Northern Ireland,N92000002,97,1255,3,73
2020-04-06,Northern Ireland,N92000002,69,1158,7,70
2020-04-05,Northern Ireland,N92000002,91,1089,7,63
2020-04-04,Northern Ireland,N92000002,94,998,8,56
2020-04-03,Northern Ireland,N92000002,130,904,12,48
2020-04-02,Northern Ireland,N92000002,85,774,6,36
2020-04-01,Northern Ireland,N92000002,103,689,2,30
2020-03-31,Northern Ireland,N92000002,53,586,6,28
2020-03-30,Northern Ireland,N92000002,123,533,1,22
2020-03-29,Northern Ireland,N92000002,86,410,6,21
2020-03-28,Northern Ireland,N92000002,49,324,2,15
2020-03-27,Northern Ireland,N92000002,34,275,3,13
2020-03-26,Northern Ireland,N92000002,32,241,3,10
2020-03-25,Northern Ireland,N92000002,37,209,2,7
2020-03-24,Northern Ireland,N92000002,24,172,2,5
2020-03-23,Northern Ireland,N92000002,20,148,1,3
2020-03-22,Northern Ireland,N92000002,20,128,0,2
2020-03-21,Northern Ireland,N92000002,22,108,1,2
2020-03-20,Northern Ireland,N92000002,9,86,0,1
2020-03-19,Northern Ireland,N92000002,9,77,0,1
2020-03-18,Northern Ireland,N92000002,6,68,0,
2020-03-17,Northern Ireland,N92000002,10,62,0,
2020-03-16,Northern Ireland,N92000002,7,52,0,
2020-03-15,Northern Ireland,N92000002,11,45,0,
2020-03-14,Northern Ireland,N92000002,5,34,0,
2020-03-13,Northern Ireland,N92000002,10,29,0,
2020-03-12,Northern Ireland,N92000002,1,19,0,
2020-03-11,Northern Ireland,N92000002,2,18,0,
2020-03-10,Northern Ireland,N92000002,0,16,0,
2020-03-09,Northern Ireland,N92000002,3,12,0,
2020-03-08,Northern Ireland,N92000002,5,9,0,
2020-03-07,Northern Ireland,N92000002,2,4,0,
2020-03-06,Northern Ireland,N92000002,2,2,0,
2020-03-05,Northern Ireland,N92000002,0,,0,
2020-03-04,Northern Ireland,N92000002,0,,0,
2020-03-03,Northern Ireland,N92000002,0,,0,
2020-03-02,Northern Ireland,N92000002,0,,0,
2020-03-01,Northern Ireland,N92000002,0,,0,
2020-02-29,Northern Ireland,N92000002,0,,0,
2020-02-28,Northern Ireland,N92000002,0,,0,
2020-02-27,Northern Ireland,N92000002,0,,0,
2020-02-26,Northern Ireland,N92000002,0,,0,
2020-02-25,Northern Ireland,N92000002,0,,0,
2020-02-24,Northern Ireland,N92000002,0,,0,
2020-02-23,Northern Ireland,N92000002,0,,0,
2020-02-22,Northern Ireland,N92000002,0,,0,
2020-02-21,Northern Ireland,N92000002,0,,0,
2020-02-20,Northern Ireland,N92000002,0,,0,
2020-02-19,Northern Ireland,N92000002,0,,0,
2020-02-18,Northern Ireland,N92000002,0,,0,
2020-02-17,Northern Ireland,N92000002,0,,0,
2020-02-16,Northern Ireland,N92000002,0,,0,
2020-02-15,Northern Ireland,N92000002,0,,0,
2020-02-14,Northern Ireland,N92000002,0,,0,
2020-02-13,Northern Ireland,N92000002,0,,0,
2020-02-12,Northern Ireland,N92000002,0,,0,
2020-02-11,Northern Ireland,N92000002,0,,0,
2020-02-10,Northern Ireland,N92000002,0,,0,
2020-02-09,Northern Ireland,N92000002,0,,0,
2020-02-08,Northern Ireland,N92000002,0,,0,
2020-02-07,Northern Ireland,N92000002,0,,0,
2020-02-06,Northern Ireland,N92000002,0,,0,
2020-02-05,Northern Ireland,N92000002,0,,0,
2020-02-04,Northern Ireland,N92000002,0,,0,
2020-02-03,Northern Ireland,N92000002,0,,0,
2020-02-02,Northern Ireland,N92000002,0,,0,
2020-02-01,Northern Ireland,N92000002,0,,0,
2020-01-31,Northern Ireland,N92000002,0,,0,
2020-01-30,Northern Ireland,N92000002,0,,0,
2020-01-29,Northern Ireland,N92000002,0,,0,
2020-01-28,Northern Ireland,N92000002,0,,0,
2020-01-27,Northern Ireland,N92000002,0,,0,
2020-01-26,Northern Ireland,N92000002,0,,0,
2020-01-25,Northern Ireland,N92000002,0,,0,
2020-01-24,Northern Ireland,N92000002,0,,0,
2020-01-23,Northern Ireland,N92000002,0,,0,
2020-01-22,Northern Ireland,N92000002,0,,0,
2020-01-21,Northern Ireland,N92000002,0,,0,
2020-01-20,Northern Ireland,N92000002,0,,0,
2020-01-19,Northern Ireland,N92000002,0,,0,
2020-01-18,Northern Ireland,N92000002,0,,0,
2020-01-17,Northern Ireland,N92000002,0,,0,
2020-01-16,Northern Ireland,N92000002,0,,0,
2020-01-15,Northern Ireland,N92000002,0,,0,
2020-01-14,Northern Ireland,N92000002,0,,0,
2020-01-13,Northern Ireland,N92000002,0,,0,
2020-01-12,Northern Ireland,N92000002,0,,0,
2020-01-11,Northern Ireland,N92000002,0,,0,
2020-01-10,Northern Ireland,N92000002,0,,0,
2020-01-09,Northern Ireland,N92000002,0,,0,
2020-01-08,Northern Ireland,N92000002,0,,0,
2020-01-07,Northern Ireland,N92000002,0,,0,
2020-01-06,Northern Ireland,N92000002,0,,0,
2020-01-05,Northern Ireland,N92000002,0,,0,
2020-01-04,Northern Ireland,N92000002,0,,0,
2020-01-03,Northern Ireland,N92000002,0,,0,
2020-09-22,Scotland,S92000003,383,25009,1,2506
2020-09-21,Scotland,S92000003,255,24626,0,2505
2020-09-20,Scotland,S92000003,245,24371,0,2505
2020-09-19,Scotland,S92000003,350,24126,3,2505
2020-09-18,Scotland,S92000003,203,23776,1,2502
2020-09-17,Scotland,S92000003,290,23573,0,2501
2020-09-16,Scotland,S92000003,267,23283,1,2501
2020-09-15,Scotland,S92000003,267,23016,1,2500
2020-09-14,Scotland,S92000003,70,22749,0,2499
2020-09-13,Scotland,S92000003,244,22679,0,2499
2020-09-12,Scotland,S92000003,221,22435,0,2499
2020-09-11,Scotland,S92000003,175,22214,0,2499
2020-09-10,Scotland,S92000003,161,22039,0,2499
2020-09-09,Scotland,S92000003,159,21878,0,2499
2020-09-08,Scotland,S92000003,176,21719,3,2499
2020-09-07,Scotland,S92000003,146,21543,0,2496
2020-09-06,Scotland,S92000003,208,21397,0,2496
2020-09-05,Scotland,S92000003,141,21189,0,2496
2020-09-04,Scotland,S92000003,159,21048,0,2496
2020-09-03,Scotland,S92000003,101,20889,1,2496
2020-09-02,Scotland,S92000003,156,20788,1,2495
2020-09-01,Scotland,S92000003,154,20632,0,2494
2020-08-31,Scotland,S92000003,160,20478,0,2494
2020-08-30,Scotland,S92000003,123,20318,0,2494
2020-08-29,Scotland,S92000003,88,20195,0,2494
2020-08-28,Scotland,S92000003,51,20107,0,2494
2020-08-27,Scotland,S92000003,68,20056,0,2494
2020-08-26,Scotland,S92000003,67,19988,2,2494
2020-08-25,Scotland,S92000003,44,19921,0,2492
2020-08-24,Scotland,S92000003,66,19877,0,2492
2020-08-23,Scotland,S92000003,83,19811,0,2492
2020-08-22,Scotland,S92000003,123,19728,0,2492
2020-08-21,Scotland,S92000003,71,19605,0,2492
2020-08-20,Scotland,S92000003,77,19534,0,2492
2020-08-19,Scotland,S92000003,50,19457,1,2492
2020-08-18,Scotland,S92000003,49,19407,0,2491
2020-08-17,Scotland,S92000003,26,19358,0,2491
2020-08-16,Scotland,S92000003,43,19332,0,2491
2020-08-15,Scotland,S92000003,51,19289,0,2491
2020-08-14,Scotland,S92000003,65,19238,0,2491
2020-08-13,Scotland,S92000003,47,19173,0,2491
2020-08-12,Scotland,S92000003,47,19126,0,2491
2020-08-11,Scotland,S92000003,52,19079,0,2491
2020-08-10,Scotland,S92000003,29,19027,0,2491
2020-08-09,Scotland,S92000003,48,18998,0,2491
2020-08-08,Scotland,S92000003,60,18950,0,2491
2020-08-07,Scotland,S92000003,43,18890,0,2491
2020-08-06,Scotland,S92000003,66,18847,0,2491
2020-08-05,Scotland,S92000003,64,18781,0,2491
2020-08-04,Scotland,S92000003,23,18717,0,2491
2020-08-03,Scotland,S92000003,18,18694,0,2491
2020-08-02,Scotland,S92000003,31,18676,0,2491
2020-08-01,Scotland,S92000003,18,18645,0,2491
2020-07-31,Scotland,S92000003,30,18627,0,2491
2020-07-30,Scotland,S92000003,17,18597,0,2491
2020-07-29,Scotland,S92000003,22,18580,0,2491
2020-07-28,Scotland,S92000003,4,18558,0,2491
2020-07-27,Scotland,S92000003,3,18554,0,2491
2020-07-26,Scotland,S92000003,4,18551,0,2491
2020-07-25,Scotland,S92000003,27,18547,0,2491
2020-07-24,Scotland,S92000003,20,18520,0,2491
2020-07-23,Scotland,S92000003,16,18500,0,2491
2020-07-22,Scotland,S92000003,10,18484,0,2491
2020-07-21,Scotland,S92000003,22,18474,0,2491
2020-07-20,Scotland,S92000003,7,18452,0,2491
2020-07-19,Scotland,S92000003,23,18445,0,2491
2020-07-18,Scotland,S92000003,21,18422,0,2491
2020-07-17,Scotland,S92000003,17,18401,0,2491
2020-07-16,Scotland,S92000003,11,18384,1,2491
2020-07-15,Scotland,S92000003,5,18373,0,2490
2020-07-14,Scotland,S92000003,3,18368,0,2490
2020-07-13,Scotland,S92000003,6,18365,0,2490
2020-07-12,Scotland,S92000003,19,18359,0,2490
2020-07-11,Scotland,S92000003,7,18340,0,2490
2020-07-10,Scotland,S92000003,18,18333,0,2490
2020-07-09,Scotland,S92000003,6,18315,0,2490
2020-07-08,Scotland,S92000003,7,18309,1,2490
2020-07-07,Scotland,S92000003,2,18302,1,2489
2020-07-06,Scotland,S92000003,4,18300,0,2488
2020-07-05,Scotland,S92000003,9,18296,0,2488
2020-07-04,Scotland,S92000003,11,18287,0,2488
2020-07-03,Scotland,S92000003,12,18276,1,2488
2020-07-02,Scotland,S92000003,5,18264,1,2487
2020-07-01,Scotland,S92000003,8,18259,1,2486
2020-06-30,Scotland,S92000003,10,18251,3,2485
2020-06-29,Scotland,S92000003,5,18241,0,2482
2020-06-28,Scotland,S92000003,8,18236,0,2482
2020-06-27,Scotland,S92000003,15,18228,0,2482
2020-06-26,Scotland,S92000003,17,18213,0,2482
2020-06-25,Scotland,S92000003,5,18196,2,2482
2020-06-24,Scotland,S92000003,9,18191,4,2480
2020-06-23,Scotland,S92000003,12,18182,4,2476
2020-06-22,Scotland,S92000003,14,18170,0,2472
2020-06-21,Scotland,S92000003,26,18156,0,2472
2020-06-20,Scotland,S92000003,26,18130,2,2472
2020-06-19,Scotland,S92000003,27,18104,6,2470
2020-06-18,Scotland,S92000003,11,18077,2,2464
2020-06-17,Scotland,S92000003,21,18066,9,2462
2020-06-16,Scotland,S92000003,15,18045,5,2453
2020-06-15,Scotland,S92000003,29,18030,0,2448
2020-06-14,Scotland,S92000003,25,15755,1,2448
2020-06-13,Scotland,S92000003,21,15730,5,2447
2020-06-12,Scotland,S92000003,27,15709,3,2442
2020-06-11,Scotland,S92000003,17,15682,5,2439
2020-06-10,Scotland,S92000003,12,15665,12,2434
2020-06-09,Scotland,S92000003,14,15653,7,2422
2020-06-08,Scotland,S92000003,18,15639,0,2415
2020-06-07,Scotland,S92000003,18,15621,0,2415
2020-06-06,Scotland,S92000003,21,15603,6,2415
2020-06-05,Scotland,S92000003,29,15582,14,2409
2020-06-04,Scotland,S92000003,49,15553,9,2395
2020-06-03,Scotland,S92000003,33,15504,11,2386
2020-06-02,Scotland,S92000003,53,15471,12,2375
2020-06-01,Scotland,S92000003,18,15418,1,2363
2020-05-31,Scotland,S92000003,18,15400,9,2362
2020-05-30,Scotland,S92000003,55,15382,22,2353
2020-05-29,Scotland,S92000003,39,15327,15,2331
2020-05-28,Scotland,S92000003,48,15288,12,2316
2020-05-27,Scotland,S92000003,55,15240,13,2304
2020-05-26,Scotland,S92000003,29,15185,18,2291
2020-05-25,Scotland,S92000003,55,15156,3,2273
2020-05-24,Scotland,S92000003,60,15101,9,2270
2020-05-23,Scotland,S92000003,72,15041,16,2261
2020-05-22,Scotland,S92000003,113,14969,24,2245
2020-05-21,Scotland,S92000003,105,14856,37,2221
2020-05-20,Scotland,S92000003,96,14751,50,2184
2020-05-19,Scotland,S92000003,61,14655,29,2134
2020-05-18,Scotland,S92000003,57,14594,2,2105
2020-05-17,Scotland,S92000003,90,14537,9,2103
2020-05-16,Scotland,S92000003,187,14447,41,2094
2020-05-15,Scotland,S92000003,143,14260,46,2053
2020-05-14,Scotland,S92000003,188,14117,34,2007
2020-05-13,Scotland,S92000003,166,13929,61,1973
2020-05-12,Scotland,S92000003,136,13763,50,1912
2020-05-11,Scotland,S92000003,141,13627,5,1862
2020-05-10,Scotland,S92000003,181,13486,10,1857
2020-05-09,Scotland,S92000003,156,13305,36,1847
2020-05-08,Scotland,S92000003,225,13149,49,1811
2020-05-07,Scotland,S92000003,215,12924,59,1762
2020-05-06,Scotland,S92000003,272,12709,83,1703
2020-05-05,Scotland,S92000003,171,12437,44,1620
2020-05-04,Scotland,S92000003,169,12266,5,1576
2020-05-03,Scotland,S92000003,170,12097,12,1571
2020-05-02,Scotland,S92000003,273,11927,44,1559
2020-05-01,Scotland,S92000003,301,11654,40,1515
2020-04-30,Scotland,S92000003,319,11353,60,1475
2020-04-29,Scotland,S92000003,313,11034,83,1415
2020-04-28,Scotland,S92000003,200,10721,70,1332
2020-04-27,Scotland,S92000003,197,10521,13,1262
2020-04-26,Scotland,S92000003,273,10324,18,1249
2020-04-25,Scotland,S92000003,354,10051,47,1231
2020-04-24,Scotland,S92000003,288,9697,64,1184
2020-04-23,Scotland,S92000003,371,9409,58,1120
2020-04-22,Scotland,S92000003,366,9038,77,1062
2020-04-21,Scotland,S92000003,222,8672,70,985
2020-04-20,Scotland,S92000003,263,8450,12,915
2020-04-19,Scotland,S92000003,367,8187,10,903
2020-04-18,Scotland,S92000003,411,7820,56,893
2020-04-17,Scotland,S92000003,307,7409,58,837
2020-04-16,Scotland,S92000003,354,7102,80,779
2020-04-15,Scotland,S92000003,390,6748,84,699
2020-04-14,Scotland,S92000003,291,6358,40,615
2020-04-13,Scotland,S92000003,155,6067,9,575
2020-04-12,Scotland,S92000003,322,5912,24,566
2020-04-11,Scotland,S92000003,315,5590,47,542
2020-04-10,Scotland,S92000003,318,5275,48,495
2020-04-09,Scotland,S92000003,392,4957,81,447
2020-04-08,Scotland,S92000003,336,4565,70,366
2020-04-07,Scotland,S92000003,268,4229,74,296
2020-04-06,Scotland,S92000003,255,3961,2,222
2020-04-05,Scotland,S92000003,361,3706,2,220
2020-04-04,Scotland,S92000003,344,3345,46,218
2020-04-03,Scotland,S92000003,399,3001,46,172
2020-04-02,Scotland,S92000003,292,2602,29,126
2020-04-01,Scotland,S92000003,317,2310,28,97
2020-03-31,Scotland,S92000003,430,1993,22,69
2020-03-30,Scotland,S92000003,179,1563,6,47
2020-03-29,Scotland,S92000003,139,1384,1,41
2020-03-28,Scotland,S92000003,186,1245,7,40
2020-03-27,Scotland,S92000003,165,1059,8,33
2020-03-26,Scotland,S92000003,175,894,3,25
2020-03-25,Scotland,S92000003,135,719,6,22
2020-03-24,Scotland,S92000003,85,584,2,16
2020-03-23,Scotland,S92000003,83,499,4,14
2020-03-22,Scotland,S92000003,43,416,3,10
2020-03-21,Scotland,S92000003,51,373,1,7
2020-03-20,Scotland,S92000003,56,322,0,6
2020-03-19,Scotland,S92000003,39,266,3,6
2020-03-18,Scotland,S92000003,32,227,1,3
2020-03-17,Scotland,S92000003,24,195,1,2
2020-03-16,Scotland,S92000003,18,171,0,1
2020-03-15,Scotland,S92000003,32,153,0,1
2020-03-14,Scotland,S92000003,36,121,0,1
2020-03-13,Scotland,S92000003,25,85,0,
2020-03-12,Scotland,S92000003,24,60,0,
2020-03-11,Scotland,S92000003,9,36,0,
2020-03-10,Scotland,S92000003,4,27,0,
2020-03-09,Scotland,S92000003,5,23,0,
2020-03-08,Scotland,S92000003,2,18,0,
2020-03-07,Scotland,S92000003,5,16,0,
2020-03-06,Scotland,S92000003,5,11,0,
2020-03-05,Scotland,S92000003,3,6,0,
2020-03-04,Scotland,S92000003,2,3,0,
2020-03-03,Scotland,S92000003,0,1,0,
2020-03-02,Scotland,S92000003,1,1,0,
2020-03-01,Scotland,S92000003,0,,0,
2020-02-29,Scotland,S92000003,0,,0,
2020-02-28,Scotland,S92000003,0,,0,
2020-02-27,Scotland,S92000003,0,,0,
2020-02-26,Scotland,S92000003,0,,0,
2020-02-25,Scotland,S92000003,0,,0,
2020-02-24,Scotland,S92000003,0,,0,
2020-02-23,Scotland,S92000003,0,,0,
2020-02-22,Scotland,S92000003,0,,0,
2020-02-21,Scotland,S92000003,0,,0,
2020-02-20,Scotland,S92000003,0,,0,
2020-02-19,Scotland,S92000003,0,,0,
2020-02-18,Scotland,S92000003,0,,0,
2020-02-17,Scotland,S92000003,0,,0,
2020-02-16,Scotland,S92000003,0,,0,
2020-02-15,Scotland,S92000003,0,,0,
2020-02-14,Scotland,S92000003,0,,0,
2020-02-13,Scotland,S92000003,0,,0,
2020-02-12,Scotland,S92000003,0,,0,
2020-02-11,Scotland,S92000003,0,,0,
2020-02-10,Scotland,S92000003,0,,0,
2020-02-09,Scotland,S92000003,0,,0,
2020-02-08,Scotland,S92000003,0,,0,
2020-02-07,Scotland,S92000003,0,,0,
2020-02-06,Scotland,S92000003,0,,0,
2020-02-05,Scotland,S92000003,0,,0,
2020-02-04,Scotland,S92000003,0,,0,
2020-02-03,Scotland,S92000003,0,,0,
2020-02-02,Scotland,S92000003,0,,0,
2020-02-01,Scotland,S92000003,0,,0,
2020-01-31,Scotland,S92000003,0,,0,
2020-01-30,Scotland,S92000003,0,,0,
2020-01-29,Scotland,S92000003,0,,0,
2020-01-28,Scotland,S92000003,0,,0,
2020-01-27,Scotland,S92000003,0,,0,
2020-01-26,Scotland,S92000003,0,,0,
2020-01-25,Scotland,S92000003,0,,0,
2020-01-24,Scotland,S92000003,0,,0,
2020-01-23,Scotland,S92000003,0,,0,
2020-01-22,Scotland,S92000003,0,,0,
2020-01-21,Scotland,S92000003,0,,0,
2020-01-20,Scotland,S92000003,0,,0,
2020-01-19,Scotland,S92000003,0,,0,
2020-01-18,Scotland,S92000003,0,,0,
2020-01-17,Scotland,S92000003,0,,0,
2020-01-16,Scotland,S92000003,0,,0,
2020-01-15,Scotland,S92000003,0,,0,
2020-01-14,Scotland,S92000003,0,,0,
2020-01-13,Scotland,S92000003,0,,0,
2020-01-12,Scotland,S92000003,0,,0,
2020-01-11,Scotland,S92000003,0,,0,
2020-01-10,Scotland,S92000003,0,,0,
2020-01-09,Scotland,S92000003,0,,0,
2020-01-08,Scotland,S92000003,0,,0,
2020-01-07,Scotland,S92000003,0,,0,
2020-01-06,Scotland,S92000003,0,,0,
2020-01-05,Scotland,S92000003,0,,0,
2020-01-04,Scotland,S92000003,0,,0,
2020-01-03,Scotland,S92000003,0,,0,
2020-09-22,Wales,W92000004,281,21159,0,1603
2020-09-21,Wales,W92000004,234,20878,0,1603
2020-09-20,Wales,W92000004,199,20644,0,1603
2020-09-19,Wales,W92000004,212,20445,2,1603
2020-09-18,Wales,W92000004,185,20233,1,1601
2020-09-17,Wales,W92000004,168,20048,3,1600
2020-09-16,Wales,W92000004,199,19880,0,1597
2020-09-15,Wales,W92000004,110,19681,0,1597
2020-09-14,Wales,W92000004,183,19573,0,1597
2020-09-13,Wales,W92000004,162,19390,0,1597
2020-09-12,Wales,W92000004,164,19228,0,1597
2020-09-11,Wales,W92000004,133,19064,0,1597
2020-09-10,Wales,W92000004,102,18931,0,1597
2020-09-09,Wales,W92000004,165,18829,0,1597
2020-09-08,Wales,W92000004,150,18664,0,1597
2020-09-07,Wales,W92000004,133,18514,0,1597
2020-09-06,Wales,W92000004,98,18381,0,1597
2020-09-05,Wales,W92000004,77,18283,1,1597
2020-09-04,Wales,W92000004,51,18206,0,1596
2020-09-03,Wales,W92000004,50,18155,0,1596
2020-09-02,Wales,W92000004,42,18105,0,1596
2020-09-01,Wales,W92000004,51,18063,1,1596
2020-08-31,Wales,W92000004,39,18012,0,1595
2020-08-30,Wales,W92000004,56,17973,0,1595
2020-08-29,Wales,W92000004,40,17917,0,1595
2020-08-28,Wales,W92000004,34,17877,0,1595
2020-08-27,Wales,W92000004,35,17843,1,1595
2020-08-26,Wales,W92000004,34,17808,1,1594
2020-08-25,Wales,W92000004,28,17774,0,1593
2020-08-24,Wales,W92000004,19,17746,1,1593
2020-08-23,Wales,W92000004,20,17727,2,1592
2020-08-22,Wales,W92000004,34,17707,1,1590
2020-08-21,Wales,W92000004,34,17673,0,1589
2020-08-20,Wales,W92000004,19,17639,0,1589
2020-08-19,Wales,W92000004,21,17620,0,1589
2020-08-18,Wales,W92000004,24,17599,0,1589
2020-08-17,Wales,W92000004,14,17575,0,1589
2020-08-16,Wales,W92000004,18,17561,2,1589
2020-08-15,Wales,W92000004,27,17543,1,1587
2020-08-14,Wales,W92000004,18,17516,0,1586
2020-08-13,Wales,W92000004,15,17499,0,1586
2020-08-12,Wales,W92000004,8,17484,5,1586
2020-08-11,Wales,W92000004,13,17476,2,1581
2020-08-10,Wales,W92000004,12,17463,0,1579
2020-08-09,Wales,W92000004,26,17451,0,1579
2020-08-08,Wales,W92000004,19,17425,1,1579
2020-08-07,Wales,W92000004,17,17406,7,1578
2020-08-06,Wales,W92000004,15,17389,3,1571
2020-08-05,Wales,W92000004,14,17374,2,1568
2020-08-04,Wales,W92000004,22,17361,1,1566
2020-08-03,Wales,W92000004,24,17339,0,1565
2020-08-02,Wales,W92000004,37,17315,3,1565
2020-08-01,Wales,W92000004,21,17279,2,1562
2020-07-31,Wales,W92000004,26,17258,6,1560
2020-07-30,Wales,W92000004,9,17232,0,1554
2020-07-29,Wales,W92000004,32,17223,5,1554
2020-07-28,Wales,W92000004,21,17191,0,1549
2020-07-27,Wales,W92000004,45,17170,0,1549
2020-07-26,Wales,W92000004,22,17125,1,1549
2020-07-25,Wales,W92000004,30,17105,0,1548
2020-07-24,Wales,W92000004,45,17075,0,1548
2020-07-23,Wales,W92000004,43,17030,0,1548
2020-07-22,Wales,W92000004,22,16987,1,1548
2020-07-21,Wales,W92000004,22,16965,0,1547
2020-07-20,Wales,W92000004,15,16943,0,1547
2020-07-19,Wales,W92000004,31,16928,1,1547
2020-07-18,Wales,W92000004,10,16897,0,1546
2020-07-17,Wales,W92000004,16,16887,1,1546
2020-07-16,Wales,W92000004,18,16871,0,1545
2020-07-15,Wales,W92000004,18,16854,2,1545
2020-07-14,Wales,W92000004,21,16836,2,1543
2020-07-13,Wales,W92000004,11,15973,0,1541
2020-07-12,Wales,W92000004,16,15962,0,1541
2020-07-11,Wales,W92000004,7,15946,1,1541
2020-07-10,Wales,W92000004,10,15939,0,1540
2020-07-09,Wales,W92000004,16,15929,2,1540
2020-07-08,Wales,W92000004,13,15913,4,1538
2020-07-07,Wales,W92000004,2,15900,3,1534
2020-07-06,Wales,W92000004,8,15898,0,1531
2020-07-05,Wales,W92000004,15,15890,1,1531
2020-07-04,Wales,W92000004,34,15875,5,1530
2020-07-03,Wales,W92000004,26,15841,2,1525
2020-07-02,Wales,W92000004,41,15815,8,1524
2020-07-01,Wales,W92000004,32,15775,6,1516
2020-06-30,Wales,W92000004,26,15743,3,1510
2020-06-29,Wales,W92000004,116,15717,3,1507
2020-06-28,Wales,W92000004,25,15602,2,1504
2020-06-27,Wales,W92000004,46,15577,5,1502
2020-06-26,Wales,W92000004,65,15531,2,1497
2020-06-25,Wales,W92000004,125,15466,6,1497
2020-06-24,Wales,W92000004,47,15341,8,1491
2020-06-23,Wales,W92000004,51,15295,5,1483
2020-06-22,Wales,W92000004,71,15197,1,1478
2020-06-21,Wales,W92000004,100,15126,1,1477
2020-06-20,Wales,W92000004,25,15026,1,1476
2020-06-19,Wales,W92000004,31,15001,4,1475
2020-06-18,Wales,W92000004,48,14970,5,1471
2020-06-17,Wales,W92000004,53,14922,10,1466
2020-06-16,Wales,W92000004,65,14869,8,1456
2020-06-15,Wales,W92000004,62,14804,4,1448
2020-06-14,Wales,W92000004,39,14742,3,1444
2020-06-13,Wales,W92000004,45,14703,6,1441
2020-06-12,Wales,W92000004,77,14658,10,1435
2020-06-11,Wales,W92000004,63,14581,6,1425
2020-06-10,Wales,W92000004,38,14518,9,1419
2020-06-09,Wales,W92000004,42,14480,9,1410
2020-06-08,Wales,W92000004,42,14438,3,1401
2020-06-07,Wales,W92000004,40,14396,5,1398
2020-06-06,Wales,W92000004,42,14356,10,1393
2020-06-05,Wales,W92000004,76,14314,4,1383
2020-06-04,Wales,W92000004,35,14238,8,1379
2020-06-03,Wales,W92000004,82,14203,17,1371
2020-06-02,Wales,W92000004,67,14121,7,1354
2020-06-01,Wales,W92000004,59,14054,5,1347
2020-05-31,Wales,W92000004,82,13995,11,1342
2020-05-30,Wales,W92000004,86,13913,14,1331
2020-05-29,Wales,W92000004,102,13827,10,1317
2020-05-28,Wales,W92000004,72,13725,14,1307
2020-05-27,Wales,W92000004,97,13653,11,1293
2020-05-26,Wales,W92000004,141,13556,8,1282
2020-05-25,Wales,W92000004,106,13415,7,1274
2020-05-24,Wales,W92000004,140,13309,7,1267
2020-05-23,Wales,W92000004,185,13169,6,1260
2020-05-22,Wales,W92000004,138,12984,7,1254
2020-05-21,Wales,W92000004,166,12846,9,1247
2020-05-20,Wales,W92000004,110,12680,14,1238
2020-05-19,Wales,W92000004,166,12570,17,1224
2020-05-18,Wales,W92000004,101,12404,4,1207
2020-05-17,Wales,W92000004,162,12304,12,1203
2020-05-16,Wales,W92000004,183,12142,18,1191
2020-05-15,Wales,W92000004,126,11960,9,1173
2020-05-14,Wales,W92000004,128,11834,10,1164
2020-05-13,Wales,W92000004,133,11706,22,1154
2020-05-12,Wales,W92000004,105,11573,16,1132
2020-05-11,Wales,W92000004,124,11468,5,1116
2020-05-10,Wales,W92000004,223,11344,12,1111
2020-05-09,Wales,W92000004,118,11121,9,1099
2020-05-08,Wales,W92000004,152,11003,28,1090
2020-05-07,Wales,W92000004,87,10851,18,1062
2020-05-06,Wales,W92000004,95,10764,21,1044
2020-05-05,Wales,W92000004,145,10669,26,1023
2020-05-04,Wales,W92000004,195,10524,14,997
2020-05-03,Wales,W92000004,174,10329,14,983
2020-05-02,Wales,W92000004,183,10155,44,969
2020-05-01,Wales,W92000004,160,9972,17,925
2020-04-30,Wales,W92000004,183,9812,22,908
2020-04-29,Wales,W92000004,117,9629,73,886
2020-04-28,Wales,W92000004,232,9512,17,813
2020-04-27,Wales,W92000004,203,9280,8,796
2020-04-26,Wales,W92000004,178,9078,14,788
2020-04-25,Wales,W92000004,299,8900,23,774
2020-04-24,Wales,W92000004,243,8601,110,751
2020-04-23,Wales,W92000004,234,8358,17,641
2020-04-22,Wales,W92000004,274,8124,15,624
2020-04-21,Wales,W92000004,304,7850,25,609
2020-04-20,Wales,W92000004,276,7546,9,584
2020-04-19,Wales,W92000004,334,7270,41,575
2020-04-18,Wales,W92000004,292,6936,28,534
2020-04-17,Wales,W92000004,244,6645,11,506
2020-04-16,Wales,W92000004,284,6401,32,495
2020-04-15,Wales,W92000004,272,6118,60,463
2020-04-14,Wales,W92000004,238,5848,19,403
2020-04-13,Wales,W92000004,313,5610,15,384
2020-04-12,Wales,W92000004,367,5297,18,369
2020-04-11,Wales,W92000004,340,4930,36,351
2020-04-10,Wales,W92000004,502,4591,29,315
2020-04-09,Wales,W92000004,16,4089,41,286
2020-04-08,Wales,W92000004,283,4073,33,245
2020-04-07,Wales,W92000004,291,3790,19,212
2020-04-06,Wales,W92000004,302,3499,27,193
2020-04-05,Wales,W92000004,344,3197,12,166
2020-04-04,Wales,W92000004,387,2853,13,154
2020-04-03,Wales,W92000004,345,2466,24,141
2020-04-02,Wales,W92000004,284,2121,19,117
2020-04-01,Wales,W92000004,274,1837,29,98
2020-03-31,Wales,W92000004,112,1563,7,69
2020-03-30,Wales,W92000004,210,1451,14,62
2020-03-29,Wales,W92000004,148,1241,10,48
2020-03-28,Wales,W92000004,172,1093,4,38
2020-03-27,Wales,W92000004,180,921,6,34
2020-03-26,Wales,W92000004,113,741,6,28
2020-03-25,Wales,W92000004,150,628,5,22
2020-03-24,Wales,W92000004,60,478,1,17
2020-03-23,Wales,W92000004,71,418,4,16
2020-03-22,Wales,W92000004,67,347,9,12
2020-03-21,Wales,W92000004,89,280,2,3
2020-03-20,Wales,W92000004,21,191,0,1
2020-03-19,Wales,W92000004,21,170,0,1
2020-03-18,Wales,W92000004,13,149,0,1
2020-03-17,Wales,W92000004,12,136,0,1
2020-03-16,Wales,W92000004,30,124,0,
2020-03-15,Wales,W92000004,34,94,0,
2020-03-14,Wales,W92000004,22,60,0,
2020-03-13,Wales,W92000004,13,38,0,
2020-03-12,Wales,W92000004,10,25,0,
2020-03-11,Wales,W92000004,9,15,0,
2020-03-10,Wales,W92000004,2,6,0,
2020-03-09,Wales,W92000004,2,4,0,
2020-03-08,Wales,W92000004,0,2,0,
2020-03-07,Wales,W92000004,0,2,0,
2020-03-06,Wales,W92000004,0,2,0,
2020-03-05,Wales,W92000004,1,2,0,
2020-03-04,Wales,W92000004,0,1,0,
2020-03-03,Wales,W92000004,0,1,0,
2020-03-02,Wales,W92000004,0,1,0,
2020-03-01,Wales,W92000004,0,1,0,
2020-02-29,Wales,W92000004,0,1,0,
2020-02-28,Wales,W92000004,1,1,0,
2020-02-27,Wales,W92000004,0,,0,
2020-02-26,Wales,W92000004,0,,0,
2020-02-25,Wales,W92000004,0,,0,
2020-02-24,Wales,W92000004,0,,0,
2020-02-23,Wales,W92000004,0,,0,
2020-02-22,Wales,W92000004,0,,0,
2020-02-21,Wales,W92000004,0,,0,
2020-02-20,Wales,W92000004,0,,0,
2020-02-19,Wales,W92000004,0,,0,
2020-02-18,Wales,W92000004,0,,0,
2020-02-17,Wales,W92000004,0,,0,
2020-02-16,Wales,W92000004,0,,0,
2020-02-15,Wales,W92000004,0,,0,
2020-02-14,Wales,W92000004,0,,0,
2020-02-13,Wales,W92000004,0,,0,
2020-02-12,Wales,W92000004,0,,0,
2020-02-11,Wales,W92000004,0,,0,
2020-02-10,Wales,W92000004,0,,0,
2020-02-09,Wales,W92000004,0,,0,
2020-02-08,Wales,W92000004,0,,0,
2020-02-07,Wales,W92000004,0,,0,
2020-02-06,Wales,W92000004,0,,0,
2020-02-05,Wales,W92000004,0,,0,
2020-02-04,Wales,W92000004,0,,0,
2020-02-03,Wales,W92000004,0,,0,
2020-02-02,Wales,W92000004,0,,0,
2020-02-01,Wales,W92000004,0,,0,
2020-01-31,Wales,W92000004,0,,0,
2020-01-30,Wales,W92000004,0,,0,
2020-01-29,Wales,W92000004,0,,0,
2020-01-28,Wales,W92000004,0,,0,
2020-01-27,Wales,W92000004,0,,0,
2020-01-26,Wales,W92000004,0,,0,
2020-01-25,Wales,W92000004,0,,0,
2020-01-24,Wales,W92000004,0,,0,
2020-01-23,Wales,W92000004,0,,0,
2020-01-22,Wales,W92000004,0,,0,
2020-01-21,Wales,W92000004,0,,0,
2020-01-20,Wales,W92000004,0,,0,
2020-01-19,Wales,W92000004,0,,0,
2020-01-18,Wales,W92000004,0,,0,
2020-01-17,Wales,W92000004,0,,0,
2020-01-16,Wales,W92000004,0,,0,
2020-01-15,Wales,W92000004,0,,0,
2020-01-14,Wales,W92000004,0,,0,
2020-01-13,Wales,W92000004,0,,0,
2020-01-12,Wales,W92000004,0,,0,
2020-01-11,Wales,W92000004,0,,0,
2020-01-10,Wales,W92000004,0,,0,
2020-01-09,Wales,W92000004,0,,0,
2020-01-08,Wales,W92000004,0,,0,
2020-01-07,Wales,W92000004,0,,0,
2020-01-06,Wales,W92000004,0,,0,
2020-01-05,Wales,W92000004,0,,0,
2020-01-04,Wales,W92000004,0,,0,
2020-01-03,Wales,W92000004,0,,0,

